<?xml version="1.0" encoding="UTF-8"?>
<files psalm-version="3.16@d03e5ef057d6adc656c0ff7e166c50b73b4f48f3">
  <file src="src/Mapper.php">
    <ArgumentTypeCoercion occurrences="16">
      <code>$firstPart</code>
      <code>$firstPart</code>
      <code>$firstPart</code>
      <code>$firstPart</code>
      <code>$firstPart</code>
      <code>$firstPart</code>
      <code>$firstPart</code>
      <code>$firstPart</code>
      <code>$firstPart</code>
      <code>$secondPart</code>
      <code>$unit</code>
      <code>$unit</code>
      <code>$unit</code>
      <code>$unit</code>
      <code>$unit</code>
      <code>$unit</code>
    </ArgumentTypeCoercion>
  </file>
</files>
